/*!40101 SET @OLD_CHARACTER_SET_CLIENT=@@CHARACTER_SET_CLIENT */;
/*!40101 SET NAMES utf8 */;
/*!50503 SET NAMES utf8mb4 */;
/*!40103 SET @OLD_TIME_ZONE=@@TIME_ZONE */;
/*!40103 SET TIME_ZONE='+00:00' */;
/*!40014 SET @OLD_FOREIGN_KEY_CHECKS=@@FOREIGN_KEY_CHECKS, FOREIGN_KEY_CHECKS=0 */;
/*!40101 SET @OLD_SQL_MODE=@@SQL_MODE, SQL_MODE='NO_AUTO_VALUE_ON_ZERO' */;
/*!40111 SET @OLD_SQL_NOTES=@@SQL_NOTES, SQL_NOTES=0 */;

DROP TABLE IF EXISTS `logradouros`;
CREATE TABLE IF NOT EXISTS `logradouros` (
  `pklogradouro` int(10) unsigned NOT NULL COMMENT 'PK da tabela.',
  `txnomelogradouro` varchar(120) COLLATE utf8_bin NOT NULL COMMENT 'Texto com o nome do logradouro com o tipo (praça, rua, etc.) indicado.',
  `fktipologradouro` char(3) COLLATE utf8_bin DEFAULT NULL,
  `fkbairro` smallint(6) unsigned DEFAULT NULL COMMENT 'FK para a tabela de Bairros.',
  `dtcadlogradouro` date NOT NULL COMMENT 'Data de geração do registro'
) ENGINE=InnoDB DEFAULT CHARSET=utf8 COLLATE=utf8_bin COMMENT='logradou';

INSERT INTO `logradouros` (`pklogradouro`, `txnomelogradouro`, `fktipologradouro`, `fkbairro`, `dtcadlogradouro`) VALUES
	(10, 'dos alfineiros', 'R', 2, '1996-01-01'),
	(20, 'Horacio Soares', 'AV', 1, '1998-10-10'),
	(40, 'Antonio de Barros', 'R', 5, '2000-05-29'),
	(50, 'Ricardo Berrini', 'AV', 4, '2000-06-14'),
	(60, 'Universitária', 'AV', 2, '2001-01-10'),
	(70, 'Brigadeiro Luis Antonio', 'R', 1, '2001-01-10'),
	(80, '12 de Outubro', 'R', 5, '2001-05-16'),
	(90, 'Troncoso', 'R', 4, '2001-05-20'),
	(100, 'Rod. Anchieta', 'ROD', 5, '2001-05-20'),
	(110, 'Miguel Faria Lima', 'R', 1, '2001-08-21'),
	(120, 'Politécnica', 'AV', 1, '2001-10-10'),
	(130, 'das Laranjeiras', 'R', 3, '2002-01-21'),
	(140, 'Direita', 'R', 1, '2002-05-13'),
	(150, 'Roberto Simonsen', 'R', 3, '2002-05-16'),
	(160, 'dos Alfineiros', 'R', 4, '2002-05-28'),
	(170, 'Quintino Bocaiuva', 'R', 4, '2002-10-21'),
	(180, 'João Cabral de Mello Netto', 'AV', 6, '2003-04-23'),
	(190, 'Sta Maria da Conceição', 'R', 6, '2003-05-27'),
	(200, 'Tavares de Miranda', 'R', 1, '2004-02-10'),
	(210, 'MMDC', 'R', 1, '2004-02-14'),
	(220, 'Celso Garcia', 'AV', 3, '2005-01-10'),
	(230, 'Circular', 'R', 2, '2005-02-16'),
	(240, 'das Trombetas', 'AL', 2, '2005-03-12'),
	(250, 'Celso Garcia', 'R', 3, '2005-03-25'),
	(260, 'dos Autonomistas', 'AV', 3, '2005-05-12'),
	(270, 'Brigadeiro Faria Lima', 'R', 6, '2005-05-14'),
	(280, 'Troncoso Perez', 'R', 3, '2005-05-20'),
	(290, 'dos Timbiras', 'AV', 1, '2005-05-20'),
	(300, 'Campos Elíseos', 'AV', 1, '2005-05-28'),
	(310, 'Filadélfia', 'AV', 5, '2005-09-18'),
	(320, 'Maranhão', 'AV', 2, '2005-12-13'),
	(330, 'Liberdade', 'AV', 1, '2006-04-20'),
	(340, 'Almeida Lima Gutemberg', 'R', 1, '2006-05-13'),
	(350, 'Pamplona', 'AL', 2, '2007-01-20'),
	(360, 'Augusta', 'R', 1, '2007-02-02'),
	(370, 'Ibitirama', 'EST', 6, '2008-01-20'),
	(380, 'Pérola Bygton', 'PC', 2, '2009-10-10'),
	(390, 'Paulo Sá', 'R', 1, '2009-12-10'),
	(400, 'Altino Arantes', 'R', 4, '2010-02-12'),
	(410, 'Rui Barbosa', 'R', 6, '2010-02-12'),
	(420, 'dos Alfineiros', 'R', 1, '2010-10-10'),
	(430, 'São Joaquim', 'R', 3, '2010-10-10'),
	(440, 'Alba', 'R', 4, '2010-10-10'),
	(450, 'Rubens de Almeida Falcão', 'AV', 1, '2010-10-10'),
	(460, 'Rio Branco', 'AV', 7, '2010-10-10'),
	(470, 'Ruben Berta', 'AV', 2, '2010-10-10'),
	(480, 'dos Maias', 'R', 1, '2010-10-10'),
	(490, 'Arthur Thomas', 'AV', 2, '2010-10-10'),
	(500, 'Bela Cintra', 'R', 1, '2010-10-10'),
	(510, 'Quintino Bocaiuva', 'R', 5, '2010-10-10'),
	(520, 'Pamplona', 'R', 1, '2011-06-01'),
	(530, 'Bresser', 'R', 1, '2011-06-10'),
	(540, 'Cristóvão Bueno', 'R', 3, '2011-10-22'),
	(550, 'Gaspar Bueno de Almeida', 'R', 2, '2011-10-24'),
	(560, 'Paraisópolis', 'R', 1, '2012-10-10'),
	(570, 'Rod. Anhaguera', 'ROD', 1, '2012-10-10'),
	(580, 'Alvarenga Peixoto', 'R', 2, '2013-03-20'),
	(590, 'Rod. Castelo Branco', 'ROD', 1, '2014-01-20'),
	(600, 'Pelotas', 'R', 1, '2014-03-10'),
	(610, 'Vital Brasil', 'AV', 1, '2014-03-14'),
	(611, 'Av das Nações Unidas', 'AV', 5, '2013-10-10'),
	(612, 'Antonio Carlos Mori', 'R', NULL, '2010-10-05');

DROP TABLE IF EXISTS `logradourostipos`;
CREATE TABLE IF NOT EXISTS `logradourostipos` (
  `pktipologradouro` char(3) COLLATE utf8_bin NOT NULL DEFAULT '',
  `txnometipologradouro` varchar(60) COLLATE utf8_bin NOT NULL,
  `dtcadtipologradouro` date NOT NULL,
  PRIMARY KEY (`pktipologradouro`) USING BTREE
) ENGINE=InnoDB DEFAULT CHARSET=utf8 COLLATE=utf8_bin;

INSERT INTO `logradourostipos` (`pktipologradouro`, `txnometipologradouro`, `dtcadtipologradouro`) VALUES
	('A', 'Área', '2024-04-21'),
	('A V', 'Área Verde', '2024-04-21'),
	('AC', 'Acesso', '2024-04-21'),
	('ACA', 'Acampamento', '2024-04-21'),
	('ACL', 'Acesso Local', '2024-04-21'),
	('AD', 'Adro', '2024-04-21'),
	('AE', 'Área Especial', '2024-04-21'),
	('AER', 'Aeroporto', '2024-04-21'),
	('AL', 'Alameda', '2024-04-21'),
	('AMD', 'Avenida Marginal Direita', '2024-04-21'),
	('AME', 'Avenida Marginal Esquerda', '2024-04-21'),
	('AN', 'Anel Viário', '2024-04-21'),
	('ANT', 'Antiga Estrada', '2024-04-21'),
	('ART', 'Artéria', '2024-04-21'),
	('AT', 'Alto', '2024-04-21'),
	('ATL', 'Atalho', '2024-04-21'),
	('AV', 'Avenida', '2024-04-21'),
	('AVC', 'Avenida Contorno', '2024-04-21'),
	('AVM', 'Avenida Marginal', '2024-04-21'),
	('AVV', 'Avenida Velha', '2024-04-21'),
	('BAL', 'Balneário', '2024-04-21'),
	('BC', 'Beco', '2024-04-21'),
	('BCO', 'Buraco', '2024-04-21'),
	('BEL', 'Belvedere', '2024-04-21'),
	('BL', 'Bloco', '2024-04-21'),
	('BLO', 'Balão', '2024-04-21'),
	('BLS', 'Blocos', '2024-04-21'),
	('BLV', 'Bulevar', '2024-04-21'),
	('BSQ', 'Bosque', '2024-04-21'),
	('BVD', 'Boulevard', '2024-04-21'),
	('BX', 'Baixa', '2024-04-21'),
	('C', 'Cais', '2024-04-21'),
	('CAL', 'Calçada', '2024-04-21'),
	('CAM', 'Caminho', '2024-04-21'),
	('CAN', 'Canal', '2024-04-21'),
	('CH', 'Chácara', '2024-04-21'),
	('CHA', 'Chapadão', '2024-04-21'),
	('CIC', 'Ciclovia', '2024-04-21'),
	('CIR', 'Circular', '2024-04-21'),
	('CJ', 'Conjunto', '2024-04-21'),
	('CJM', 'Conjunto Mutirão', '2024-04-21'),
	('CMP', 'Complexo Viário', '2024-04-21'),
	('COL', 'Colônia', '2024-04-21'),
	('COM', 'Comunidade', '2024-04-21'),
	('CON', 'Condomínio', '2024-04-21'),
	('COR', 'Corredor', '2024-04-21'),
	('CPO', 'Campo', '2024-04-21'),
	('CRG', 'Córrego', '2024-04-21'),
	('CTN', 'Contorno', '2024-04-21'),
	('DSC', 'Descida', '2024-04-21'),
	('DSV', 'Desvio', '2024-04-21'),
	('DT', 'Distrito', '2024-04-21'),
	('EB', 'Entre Bloco', '2024-04-21'),
	('EIM', 'Estrada Intermunicipal', '2024-04-21'),
	('ENS', 'Enseada', '2024-04-21'),
	('ENT', 'Entrada Particular', '2024-04-21'),
	('EQ', 'Entre Quadra', '2024-04-21'),
	('ESC', 'Escada', '2024-04-21'),
	('ESD', 'Escadaria', '2024-04-21'),
	('ESE', 'Estrada Estadual', '2024-04-21'),
	('ESI', 'Estrada Vicinal', '2024-04-21'),
	('ESL', 'Estrada de Ligação', '2024-04-21'),
	('ESM', 'Estrada Municipal', '2024-04-21'),
	('ESP', 'Esplanada', '2024-04-21'),
	('ESS', 'Estrada de Servidão', '2024-04-21'),
	('EST', 'Estrada', '2024-04-21'),
	('ESV', 'Estrada Velha', '2024-04-21'),
	('ETA', 'Estrada Antiga', '2024-04-21'),
	('ETC', 'Estação', '2024-04-21'),
	('ETD', 'Estádio', '2024-04-21'),
	('ETN', 'Estância', '2024-04-21'),
	('ETP', 'Estrada Particular', '2024-04-21'),
	('ETT', 'Estacionamento', '2024-04-21'),
	('EVA', 'Evangélica', '2024-04-21'),
	('EVD', 'Elevada', '2024-04-21'),
	('EX', 'Eixo Industrial', '2024-04-21'),
	('FAV', 'Favela', '2024-04-21'),
	('FAZ', 'Fazenda', '2024-04-21'),
	('FER', 'Ferrovia', '2024-04-21'),
	('FNT', 'Fonte', '2024-04-21'),
	('FRA', 'Feira', '2024-04-21'),
	('FTE', 'Forte', '2024-04-21'),
	('GAL', 'Galeria', '2024-04-21'),
	('GJA', 'Granja', '2024-04-21'),
	('HAB', 'Núcleo Habitacional', '2024-04-21'),
	('IA', 'Ilha', '2024-04-21'),
	('IND', 'Indeterminado', '2024-04-21'),
	('IOA', 'Ilhota', '2024-04-21'),
	('JD', 'Jardim', '2024-04-21'),
	('JDE', 'Jardinete', '2024-04-21'),
	('LD', 'Ladeira', '2024-04-21'),
	('LGA', 'Lagoa', '2024-04-21'),
	('LGO', 'Lago', '2024-04-21'),
	('LOT', 'Loteamento', '2024-04-21'),
	('LRG', 'Largo', '2024-04-21'),
	('LT', 'Lote', '2024-04-21'),
	('MER', 'Mercado', '2024-04-21'),
	('MNA', 'Marina', '2024-04-21'),
	('MOD', 'Modulo', '2024-04-21'),
	('MRG', 'Projeção', '2024-04-21'),
	('MRO', 'Morro', '2024-04-21'),
	('MTE', 'Monte', '2024-04-21'),
	('NUC', 'Núcleo', '2024-04-21'),
	('NUR', 'Núcleo Rural', '2024-04-21'),
	('OUT', 'Outeiro', '2024-04-21'),
	('PAR', 'Paralela', '2024-04-21'),
	('PAS', 'Passeio', '2024-04-21'),
	('PAT', 'Pátio', '2024-04-21'),
	('PC', 'Praça', '2024-04-21'),
	('PCE', 'Praça de Esportes', '2024-04-21'),
	('PDA', 'Parada', '2024-04-21'),
	('PDO', 'Paradouro', '2024-04-21'),
	('PNT', 'Ponta', '2024-04-21'),
	('PR', 'Praia', '2024-04-21'),
	('PRL', 'Prolongamento', '2024-04-21'),
	('PRM', 'Parque Municipal', '2024-04-21'),
	('PRQ', 'Parque', '2024-04-21'),
	('PRR', 'Parque Residencial', '2024-04-21'),
	('PSA', 'Passarela', '2024-04-21'),
	('PSG', 'Passagem', '2024-04-21'),
	('PSP', 'Passagem de Pedestre', '2024-04-21'),
	('PSS', 'Passagem Subterrânea', '2024-04-21'),
	('PTE', 'Ponte', '2024-04-21'),
	('PTO', 'Porto', '2024-04-21'),
	('Q', 'Quadra', '2024-04-21'),
	('QTA', 'Quinta', '2024-04-21'),
	('QTS', 'Quintas', '2024-04-21'),
	('R', 'Rua', '2024-04-21'),
	('R I', 'Rua Integração', '2024-04-21'),
	('R L', 'Rua de Ligação', '2024-04-21'),
	('R P', 'Rua Particular', '2024-04-21'),
	('R V', 'Rua Velha', '2024-04-21'),
	('RAM', 'Ramal', '2024-04-21'),
	('RCR', 'Recreio', '2024-04-21'),
	('REC', 'Recanto', '2024-04-21'),
	('RER', 'Retiro', '2024-04-21'),
	('RES', 'Residencial', '2024-04-21'),
	('RET', 'Reta', '2024-04-21'),
	('RLA', 'Ruela', '2024-04-21'),
	('RMP', 'Rampa', '2024-04-21'),
	('ROA', 'Rodo Anel', '2024-04-21'),
	('ROD', 'Rodovia', '2024-04-21'),
	('ROT', 'Rotula', '2024-04-21'),
	('RPE', 'Rua de Pedestre', '2024-04-21'),
	('RPR', 'Margem', '2024-04-21'),
	('RTN', 'Retorno', '2024-04-21'),
	('RTT', 'Rotatória', '2024-04-21'),
	('SEG', 'Segunda Avenida', '2024-04-21'),
	('SIT', 'Sitio', '2024-04-21'),
	('SRV', 'Servidão', '2024-04-21'),
	('ST', 'Setor', '2024-04-21'),
	('SUB', 'Subida', '2024-04-21'),
	('TCH', 'Trincheira', '2024-04-21'),
	('TER', 'Terminal', '2024-04-21'),
	('TR', 'Trecho', '2024-04-21'),
	('TRV', 'Trevo', '2024-04-21'),
	('TUN', 'Túnel', '2024-04-21'),
	('TV', 'Travessa', '2024-04-21'),
	('TVP', 'Travessa Particular', '2024-04-21'),
	('TVV', 'Travessa Velha', '2024-04-21'),
	('UNI', 'Unidade', '2024-04-21'),
	('V', 'Via', '2024-04-21'),
	('V C', 'Via Coletora', '2024-04-21'),
	('V L', 'Via Local', '2024-04-21'),
	('V-E', 'Via Expressa', '2024-04-21'),
	('VAC', 'Via de Acesso', '2024-04-21'),
	('VAL', 'Vala', '2024-04-21'),
	('VCO', 'Via Costeira', '2024-04-21'),
	('VD', 'Viaduto', '2024-04-21'),
	('VER', 'Vereda', '2024-04-21'),
	('VEV', 'Via Elevado', '2024-04-21'),
	('VL', 'Vila', '2024-04-21'),
	('VLA', 'Viela', '2024-04-21'),
	('VLE', 'Vale', '2024-04-21'),
	('VLT', 'Via Litorânea', '2024-04-21'),
	('VPE', 'Via de Pedestre', '2024-04-21'),
	('VRT', 'Variante', '2024-04-21'),
	('ZIG', 'Zigue-Zague', '2024-04-21');

DROP TABLE IF EXISTS `professores`;
CREATE TABLE IF NOT EXISTS `professores` (
  `pkprofessor` smallint(6) unsigned NOT NULL COMMENT 'PK da Tabela',
  `txnomeprofessor` varchar(250) COLLATE utf8_bin NOT NULL COMMENT 'Nome completo e sem abreviações',
  `fklogradouro` int(11) unsigned DEFAULT NULL COMMENT 'FK com o código do Logradouro de residência do Professor.',
  `txcomplemento` varchar(80) COLLATE utf8_bin DEFAULT NULL COMMENT 'Número do imóvel, localização referencial (outros imóveis próximos)',
  `nucepprofessor` char(8) COLLATE utf8_bin DEFAULT NULL COMMENT 'Número do CEP',
  `dtnascimento` date DEFAULT NULL COMMENT 'Data de nascimento',
  `dtcadprofessor` date DEFAULT NULL COMMENT 'Data de geração do registro'
) ENGINE=InnoDB DEFAULT CHARSET=utf8 COLLATE=utf8_bin COMMENT='professo';

INSERT INTO `professores` (`pkprofessor`, `txnomeprofessor`, `fklogradouro`, `txcomplemento`, `nucepprofessor`, `dtnascimento`, `dtcadprofessor`) VALUES
	(1, 'Ana Maria Verdim', 470, ' 3456', '3436567', '1960-12-19', '2005-05-11'),
	(2, 'Abel Da Silva', 110, ' 234', '1233536', '1964-07-11', '2001-08-21'),
	(3, 'Abrao Abujanra', 240, ' 451', '1342545', '1975-06-12', '2005-03-12'),
	(4, 'Carlos Takeshi Uendo', 340, ' 475', '1865456', '1984-07-19', '2006-05-13'),
	(5, 'David_ Gutemberg', 260, ' 4521', '5680567', '1966-06-16', '2005-05-12'),
	(6, 'Francisco Romeu Da Cruz', 140, ' 75 23and, Cj 23', '5670479', '1974-12-05', '2002-05-13'),
	(7, 'Geraldo Bandeiras Pontes', 170, ' 234', '4656589', '1987-09-06', '2002-10-21'),
	(8, 'Heitor De Troia', 120, ' 7458', '5656745', '1964-10-08', '2003-02-21'),
	(9, 'Hercules Olimpiano', 130, ' 345', '7643587', '1976-07-29', '2002-01-21'),
	(10, 'Irineu Evangelista De Souza', 270, ' 456', '4669908', '1984-11-28', '2005-05-14'),
	(11, 'Joao Heulalio De Bueno Vidigal', 360, ' 2569', '4794477', '1967-08-24', '2005-05-27'),
	(12, 'Jaime De Abreu Pompeu De Lima', 150, ' 75', '6298666', '1975-12-19', '2002-05-16'),
	(13, 'Jose Ramos De Almeida', 160, ' 54', '7489455', '1988-07-29', '2002-05-28'),
	(14, 'Leonidas De Percepolis', 80, ' 345', '8405674', '1964-10-11', '2001-05-16'),
	(15, 'Leopoldo De Couto E Silva', 250, ' 3879', '8486453', '1976-10-10', '2005-03-25'),
	(16, 'Maria Maura Correia Alves Lima', 310, ' 25', '8504467', '1984-12-21', '2005-09-18'),
	(17, 'Marcia De Albuquerque Lima', NULL, ' 25415', '8674645', '1966-09-21', '2000-05-25'),
	(18, 'Mario Quintana Drumond De Andrade', 50, ' 345', '7605555', '1974-06-30', '2000-06-14'),
	(19, 'Nair De Mello Cunha', 180, ' 4521', '6407626', '1987-05-30', '2003-04-23'),
	(20, 'Neire Goncalves De Albuquerque Lins', 230, ' 345', '5567715', '1965-11-29', '2005-02-16'),
	(21, 'Olivia Cruz Do Nascimento', 300, ' 657', '5456600', '1977-11-13', '2005-05-28'),
	(22, 'Oduvaldo Vianna', 460, ' 456', '5235683', '1966-09-24', '2004-05-15'),
	(23, 'Pascoal De Lima Rosa Cruz', 190, ' 190', '5329444', '1987-10-25', '2003-05-27'),
	(24, 'Renato Corte Real', 210, ' 3456', '5444753', '1965-05-06', '2004-02-14'),
	(25, 'Sebastiao Mello Da Silva Cruz', 280, ' 867', '6534756', '1987-12-07', '2005-05-20'),
	(26, 'Tadeu Buarque De Holanda', 320, ' 2145', '5644642', '1965-07-19', '2005-12-13'),
	(27, 'Ulisses Odebrecht', 40, ' 2767', '5744548', '1987-11-17', '2000-05-29'),
	(28, 'Vinicius Humbrto Pinheiro Da Silva', 220, ' 4512', '5844426', '1965-11-05', '2005-01-10'),
	(29, 'Vera Adriana Huang Azevedo', 200, ' 745', '15122222', '1970-02-10', '2010-10-10'),
	(35, 'Euripedes Soares De Almeida', 170, '450', '12345678', '1957-05-10', '1975-10-10');

DROP TABLE IF EXISTS `professorestels`;
CREATE TABLE IF NOT EXISTS `professorestels` (
  `pkprofessortel` smallint(6) NOT NULL COMMENT 'PK da Tabela',
  `fkprofessor` smallint(6) unsigned NOT NULL COMMENT 'FK para a tabela professores',
  `fktelefonetipo` smallint(6) unsigned DEFAULT NULL COMMENT 'FK para a tabela tipos_telefones',
  `nutelefone` char(15) COLLATE utf8_bin NOT NULL COMMENT 'Número do telefone (somente os números)',
  `dtcadpprofessortel` date NOT NULL COMMENT 'Data de geração do registro'
) ENGINE=InnoDB DEFAULT CHARSET=utf8 COLLATE=utf8_bin COMMENT='profetls';

INSERT INTO `professorestels` (`pkprofessortel`, `fkprofessor`, `fktelefonetipo`, `nutelefone`, `dtcadpprofessortel`) VALUES
	(1, 2, 3, '11987868767', '2023-12-10'),
	(3, 3, 3, '14987655675', '2023-12-10');

DROP VIEW IF EXISTS `logradourocompleto`;
CREATE TABLE `logradourocompleto` (
	`pklogradouro` INT(10) UNSIGNED NOT NULL COMMENT 'PK da tabela.',
	`txnomelogrcompleto` VARCHAR(181) NOT NULL COLLATE 'utf8_bin',
	`fkbairro` SMALLINT(6) UNSIGNED NULL COMMENT 'FK para a tabela de Bairros.',
	`dtcadlogradouro` DATE NOT NULL COMMENT 'Data de geração do registro'
) ENGINE=MyISAM;

DROP TABLE IF EXISTS `logradourocompleto`;
CREATE ALGORITHM=UNDEFINED DEFINER=`root`@`localhost` SQL SECURITY DEFINER VIEW `logradourocompleto` AS SELECT pklogradouro, CONCAT(txnometipologradouro,' ',txnomelogradouro) AS txnomelogrcompleto, fkbairro, dtcadlogradouro 
       FROM logradouros INNER JOIN  logradourostipos ON logradouros.fktipologradouro=logradourostipos.pktipologradouro ;

/*!40103 SET TIME_ZONE=IFNULL(@OLD_TIME_ZONE, 'system') */;
/*!40101 SET SQL_MODE=IFNULL(@OLD_SQL_MODE, '') */;
/*!40014 SET FOREIGN_KEY_CHECKS=IFNULL(@OLD_FOREIGN_KEY_CHECKS, 1) */;
/*!40101 SET CHARACTER_SET_CLIENT=@OLD_CHARACTER_SET_CLIENT */;
/*!40111 SET SQL_NOTES=IFNULL(@OLD_SQL_NOTES, 1) */;
